IG Handle (AUTO),Profile URL,First Name,Alert
elise.rileyy,https://www.instagram.com/elise.rileyy/,Elise,
richardbromilowpt,https://www.instagram.com/richardbromilowpt/,Richard,
aprilalexander,https://www.instagram.com/aprilalexander/,April,
dieuwertjegreens,https://www.instagram.com/dieuwertjegreens/,Dieuwerte,
fitwithmaaike_,https://www.instagram.com/fitwithmaaike_/,Maaike,
jasmijnvz_,https://www.instagram.com/jasmijnvz_/,Jasmin,
demivthuil,https://www.instagram.com/demivthuil/,Demi,
dagmarniekel,https://www.instagram.com/dagmarniekel/,Dagmar,
raffaellascapini,https://www.instagram.com/raffaellascapini/,Rafaella,
leeannemua,https://www.instagram.com/leeannemua/,Lee-Anne,
xrosamillyx,https://www.instagram.com/xrosamillyx/,Rosa-Milly,
meganelizabethbrown,https://www.instagram.com/meganelizabethbrown,Megan,
marthevg,https://www.instagram.com/marthevg/,Marthe,
mandy.koetsier,https://www.instagram.com/mandy.koetsier/,Mandy,
charlotte_tooth,https://www.instagram.com/charlotte_tooth,Charlotte,
mariakapouinsta,https://www.instagram.com/mariakapouinsta/,Maria,
rosalieeexx,https://www.instagram.com/rosalieeexx/,Rosalie,
kimbransen,https://www.instagram.com/kimbransen/,Melanie,
katb_fit,https://www.instagram.com/katb_fit,Kat,
livmcilkenny,https://www.instagram.com/livmcilkenny/,Liv,
madierummel.fit,https://www.instagram.com/madierummel.fit,Madie,
gserranofit,https://www.instagram.com/gserranofit/,Genesis,
saffron_fit,https://www.instagram.com/saffron_fit/,Saffron,
julianadeckker,https://www.instagram.com/julianadeckker,Juliana,
charliekamale,https://www.instagram.com/charliekamale/,Charlotte,
ginaammarie,https://www.instagram.com/ginaammarie/,Gina,
mollycolemanfitness,https://www.instagram.com/mollycolemanfitness/,Molly,
osas.xx,https://www.instagram.com/osas.xx,Sandra,
hannaholiviakenyon,https://www.instagram.com/hannaholiviakenyon,Hannah,
annielydia_x,https://www.instagram.com/annielydia_x,Annie,
peacheymiax,https://www.instagram.com/peacheymiax,Mia,
issychapman,https://www.instagram.com/issychapman,Issy,
itsjustheva,https://www.instagram.com/itsjustheva,Heva,
anggoodwin,https://www.instagram.com/anggoodwin,Angharad,
_chloeenicoleeee,https://www.instagram.com/_chloeenicoleeee,Chloe,
sk.y.y.y,https://www.instagram.com/sk.y.y.y,Sky,
teeharv,https://www.instagram.com/teeharv,Tee,
katieannehx,https://www.instagram.com/katieannehx,Katie,
corinnelamptey,https://www.instagram.com/corinnelamptey,Corinne,