---,First Name,Profile URL
mum,Jenna,https://www.instagram.com/jennashilstfit/
mum,Tasha,https://www.instagram.com/natashabarnesmusic/
mum,Sophie,https://www.instagram.com/sophiemainwaringx/
mum,Angie,https://www.instagram.com/angiexbabie/
mum,Natalie,https://www.instagram.com/tripletmummynats19/
mum,Jody,https://www.instagram.com/jodyriley_/
mum,Lily,https://www.instagram.com/frombumpstobabies/
mum,Vicky,https://www.instagram.com/vickyogden/
mum,Fifi,https://www.instagram.com/fifiwoodward/
mum,Samantha,https://www.instagram.com/mythreegirls_andme/
mum,Ellie,https://www.instagram.com/ellieska/
mum,Lucy,https://www.instagram.com/lucypiper_presenter/
mum,Ellen,https://www.instagram.com/ellenh1986/
mum,Maya,https://www.instagram.com/maya_sondhi/
mum,Sophie,https://www.instagram.com/sophiembaron/
mum,Andrea,https://www.instagram.com/drea_valls/
mum,Hannah,https://www.instagram.com/life.at.number.62/
mum,HilaryJennifer,https://www.instagram.com/hilaryjennifer/
mum,Lucy,https://www.instagram.com/wildlylucy/
mum,Chelsey,https://www.instagram.com/chelsey.barnes96/
mum,Harriet,https://www.instagram.com/_harrywalker1/
mum,Rebecca,https://www.instagram.com/becs_outdoors/
mum,Melissa,https://www.instagram.com/mrs_queenmelissa/
mum,Jessica,https://www.instagram.com/jess_varnish/
mum,Anita,https://www.instagram.com/anita.08888/
mum,Holly,https://www.instagram.com/hollybmcdonnell/
mum,,https://www.instagram.com/ellaalauren/
mum,Tahnee,https://www.instagram.com/tahneelifestyleworld/
mum,Lauren,https://www.instagram.com/our_hesketh_family/
mum,Megan,https://www.instagram.com/morgane.and.me/
mum,,https://www.instagram.com/mabslayss/
mum,Deb,https://www.instagram.com/deb_orahmusic/
mum,Poppy,https://www.instagram.com/popsicleandmama/
mum,Lucy,https://www.instagram.com/lucyloupoppytoo/
mum,Tahirah,https://www.instagram.com/tahirah_monifa/
mum,Zain,https://www.instagram.com/zainsworld_/
mum,Sue,https://www.instagram.com/bellaxsue/
mum,Khym,https://www.instagram.com/chasingventures/
mum,Farhana,https://www.instagram.com/farhana_be_/
mum,Flo,https://www.instagram.com/florahsrecovery/
mum,Tenaé,https://www.instagram.com/10_temple/
mum,Suzanne,https://www.instagram.com/suzannemade/
mum,,https://www.instagram.com/houseofackah/
mum,Hannah,https://www.instagram.com/hannah_jaye__/
mum,Louise,https://www.instagram.com/louuloouthompson/
mum,Hayley,https://www.instagram.com/mrs.key.x/
mum,Ellie,https://www.instagram.com/jensons_and_rws_journey_/
mum,Megan,https://www.instagram.com/megan_sunde/
mum,Devon,https://www.instagram.com/devoncourteney/
mum,Gemma,https://www.instagram.com/gemmadeeray/
mum,Taylor,https://www.instagram.com/winging_twinning/
mum,Carley,https://www.instagram.com/carleyjones100/
mum,Jeniffer,https://www.instagram.com/lifeofjennay/
mum,Rachel,https://www.instagram.com/rachel_brunofitness1/
mum,Annemarie,https://www.instagram.com/annemarie.plas/
mum,Carla,https://www.instagram.com/carlalawsonmakeup/
mum,Jess,https://www.instagram.com/life_on_the_buckle/
mum,Natalie,https://www.instagram.com/natsduv/
mum,Snowflake,https://www.instagram.com/snowflakecannon/
mum,Jo,https://www.instagram.com/jobeattie.fit/
mum,Amy,https://www.instagram.com/amyburrowsss/
mum,fausty,https://www.instagram.com/fausty_williams/
mum,Francesca,https://www.instagram.com/francescabrits/
mum,Lauren,https://www.instagram.com/lifewiththejordans_xo/
mum,Kerry,https://www.instagram.com/kerrylucyinsta/
mum,Frances,https://www.instagram.com/inside_number_27/
mum,Claire,https://www.instagram.com/__clairegraham__/
mum,Petra,https://www.instagram.com/the_artcouple/
mum,Coby,https://www.instagram.com/mylittlecoby/
mum,,https://www.instagram.com/bumpbabyyou/
mum,Jill,https://www.instagram.com/hertimelessstyle/
mum,Bex,https://www.instagram.com/bex__taylor/
mum,Kate,https://www.instagram.com/mskatebaily/
mum,Nadira,https://www.instagram.com/nadiramakeupandhair/
mum,Jane,https://www.instagram.com/amidliferinlondon/
mum,Huji,https://www.instagram.com/thegreyindian/
mum,Mia,https://www.instagram.com/miacaven/
mum,Lou,https://www.instagram.com/insidewithlou/
mum,Joanne,https://www.instagram.com/get_gorgeouswithme/
mum,Lisa,https://www.instagram.com/_lisapauley_/
mum,Gemma,https://www.instagram.com/thebouncefitmethod/
mum,Bekki,https://www.instagram.com/yours_sincerely_bekki/
mum,Anjali,https://www.instagram.com/thekitchendoctorandmum/
mum,Jaspreet,https://www.instagram.com/menstrualmentor_/
mum,Elle,https://www.instagram.com/ellelinton/
mum,Libby,https://www.instagram.com/mawtae6hairyweans/
mum,Honor,https://www.instagram.com/honestlywithhonor/
mum,Jo,https://www.instagram.com/themerrymenopause/
mum,Joanne,https://www.instagram.com/jobo_silver_linings/
mum,Becca,https://www.instagram.com/amotherplace/
mum,Yasmine,https://www.instagram.com/sayfitnesspt/
mum,Elena,https://www.instagram.com/mumunplugged/
mum,Kirsty,https://www.instagram.com/ameliabutextra/
mum,Sarah,https://www.instagram.com/sarahthomsonstyle/
outdoors,Ed,https://instagram.com/edlaverack/
outdoors,Hannah,https://www.instagram.com/hannahrosebrier/
outdoors,Ellen,https://www.instagram.com/ellenxfield/
outdoors,Danielle,https://www.instagram.com/the.wandering.wilson/
outdoors,Lana,https://www.instagram.com/storky_adventures/
outdoors,Lauren,https://www.instagram.com/empoweredwomenfitness/